id,code,name
1,03706,"['思想', '道德修养', '法律', '基础', '思想道德修养与法律基础']"
2,12656,"['毛泽东思想', '中国', '特色', '社会主义', '理论体系', '概论', '毛泽东思想和中国特色社会主义理论体系概论']"
3,00009,"['政治经济学', '财经类', '政治经济学（财经类）']"
4,04729,"['大学语文', '大学语文']"
5,00066,"['货币', '银行学', '货币银行学']"
6,00043,"['经济法', '概论', '财经类', '经济法概论(财经类)']"
7,00065,"['国民经济', '统计', '概论', '国民经济统计概论']"
8,00041,"['基础', '会计学', '基础会计学']"
9,00018,"['计算机', '应用', '基础', '计算机应用基础']"
10,00019,"['计算机', '应用', '基础', '实践', '计算机应用基础（实践）']"
11,00072,"['商业银行', '业务', '经营', '商业银行业务与经营']"
12,00073,"['银行信贷', '管理学', '银行信贷管理学']"
13,00060,"['财政学', '财政学']"
14,00055,"['企业', '会计学', '企业会计学']"
15,00103,"['证券', '投资', '证券投资学']"
16,05679,"['宪法学', '宪法学']"
17,00020,"['高等数学', '高等数学(一)']"
18,03706,"['思想', '道德修养', '法律', '基础', '思想道德修养与法律基础']"
19,12656,"['毛泽东思想', '中国', '特色', '社会主义', '理论体系', '概论', '毛泽东思想和中国特色社会主义理论体系概论']"
20,04729,"['大学语文', '大学语文']"
21,00020,"['高等数学', '高等数学(一)']"
22,00009,"['政治经济学', '财经类', '政治经济学（财经类）']"
23,00088,"['基础', '英语', '基础英语']"
24,00094,"['外贸', '函电', '外贸函电']"
25,00092,"['中国', '对外贸易', '中国对外贸易']"
26,00089,"['国际贸易', '国际贸易']"
27,00090,"['国际贸易', '实务', '国际贸易实务(一)']"
28,00076,"['国际金融', '国际金融']"
29,00041,"['基础', '会计学', '基础会计学']"
30,00058,"['市场', '营销学', '市场营销学']"
31,00091,"['国际', '商法', '国际商法']"
32,00018,"['计算机', '应用', '基础', '计算机应用基础']"
33,00019,"['计算机', '应用', '基础', '实践', '计算机应用基础（实践）']"
34,05679,"['宪法学', '宪法学']"
35,03706,"['思想', '道德修养', '法律', '基础', '思想道德修养与法律基础']"
36,12656,"['毛泽东思想', '中国', '特色', '社会主义', '理论体系', '概论', '毛泽东思想和中国特色社会主义理论体系概论']"
37,02126,"['应用文', '写作', '应用文写作']"
38,00018,"['计算机', '应用', '基础', '计算机应用基础']"
39,00019,"['计算机', '应用', '基础', '实践', '计算机应用基础（实践）']"
40,00012,"['英语', '英语（一）']"
41,00178,"['市场', '调查', '预测', '市场调查与预测']"
42,00054,"['管理学', '原理', '管理学原理']"
43,03875,"['会展', '概论', '会展概论']"
44,08883,"['会展', '政策法规', '会展政策法规']"
45,03872,"['会展', '营销', '会展营销']"
46,03873,"['现代', '商务礼仪', '现代商务礼仪']"
47,08884,"['会展', '经济学', '会展经济学']"
48,08885,"['会展', '管理', '服务', '技能', '考核', '会展管理服务技能考核（一）']"
49,00040,"['法学', '概论', '法学概论']"
50,03706,"['思想', '道德修养', '法律', '基础', '思想道德修养与法律基础']"
51,12656,"['毛泽东思想', '中国', '特色', '社会主义', '理论体系', '概论', '毛泽东思想和中国特色社会主义理论体系概论']"
52,04729,"['大学语文', '大学语文']"
53,00020,"['高等数学', '高等数学(一)']"
54,00009,"['政治经济学', '财经类', '政治经济学(财经类）']"
55,00043,"['经济法', '概论', '财经类', '经济法概论(财经类)']"
56,00012,"['英语', '英语(一)']"
57,00055,"['企业', '会计学', '企业会计学']"
58,00145,"['生产', '作业管理', '生产与作业管理']"
59,00144,"['企业', '管理', '概论', '企业管理概论']"
60,00065,"['国民经济', '统计', '概论', '国民经济统计概论']"
61,00018,"['计算机', '应用', '基础', '计算机应用基础']"
62,00019,"['计算机', '应用', '基础', '实践', '计算机应用基础（实践）']"
63,05171,"['中小企业', '战略', '管理', '中小企业战略管理']"
64,00041,"['基础', '会计学', '基础会计学']"
65,00058,"['市场', '营销学', '市场营销学']"
66,00147,"['人力', '资源管理', '人力资源管理(一)']"
67,03706,"['思想', '道德修养', '法律', '基础', '思想道德修养与法律基础']"
68,12656,"['毛泽东思想', '中国', '特色', '社会主义', '理论体系', '概论', '毛泽东思想和中国特色社会主义理论体系概论']"
69,04729,"['大学语文', '大学语文']"
70,00020,"['高等数学', '高等数学(一)']"
71,00009,"['政治经济学', '财经类', '政治经济学（财经类）']"
72,00146,"['中国', '税制', '中国税制']"
73,00041,"['基础', '会计学', '基础会计学']"
74,00065,"['国民经济', '统计', '概论', '国民经济统计概论']"
75,00043,"['经济法', '概论', '财经类', '经济法概论(财经类)']"
76,00155,"['中级', '财务会计', '中级财务会计']"
77,00018,"['计算机', '应用', '基础', '计算机应用基础']"
78,00019,"['计算机', '应用', '基础', '实践', '计算机应用基础（实践）']"
79,00067,"['财务', '管理学', '财务管理学']"
80,00156,"['成本会计', '成本会计']"
81,00144,"['企业', '管理', '概论', '企业管理概论']"
82,00157,"['管理', '会计', '管理会计(一)']"
83,00040,"['法学', '概论', '法学概论']"
84,03706,"['思想', '道德修养', '法律', '基础', '思想道德修养与法律基础']"
85,12656,"['毛泽东思想', '中国', '特色', '社会主义', '理论体系', '概论', '毛泽东思想和中国特色社会主义理论体系概论']"
86,04729,"['大学语文', '大学语文']"
87,00020,"['高等数学', '高等数学(一)']"
88,00009,"['政治经济学', '财经类', '政治经济学(财经类)']"
89,00043,"['经济法', '概论', '财经类', '经济法概论(财经类)']"
90,00018,"['计算机', '应用', '基础', '计算机应用基础']"
91,00019,"['计算机', '应用', '基础', '实践', '计算机应用基础（实践）']"
92,00163,"['管理', '心理学', '管理心理学']"
93,00071,"['社会保障', '概论', '社会保障概论']"
94,00147,"['人力', '资源管理', '人力资源管理(一)']"
95,00065,"['国民经济', '统计', '概论', '国民经济统计概论']"
96,00144,"['企业', '管理', '概论', '企业管理概论']"
97,00165,"['劳动就业', '概论', '劳动就业概论']"
98,00164,"['劳动', '经济学', '劳动经济学']"
99,06183,"['工资管理', '工资管理']"
100,05679,"['宪法学', '宪法学']"
101,03706,"['思想', '道德修养', '法律', '基础', '思想道德修养与法律基础']"
102,12656,"['毛泽东思想', '中国', '特色', '社会主义', '理论体系', '概论', '毛泽东思想和中国特色社会主义理论体系概论']"
103,04729,"['大学语文', '大学语文']"
104,00020,"['高等数学', '高等数学(一)']"
105,00009,"['政治经济学', '财经类', '政治经济学（财经类）']"
106,00041,"['基础', '会计学', '基础会计学']"
107,00177,"['消费', '心理学', '消费心理学']"
108,00065,"['国民经济', '统计', '概论', '国民经济统计概论']"
109,00058,"['市场', '营销学', '市场营销学']"
110,00178,"['市场', '调查', '预测', '市场调查与预测']"
111,00043,"['经济法', '概论', '财经类', '经济法概论(财经类)']"
112,00179,"['谈判', '推销', '技巧', '谈判与推销技巧']"
113,00144,"['企业', '管理', '概论', '企业管理概论']"
114,00102,"['世界市场', '行情', '世界市场行情']"
115,00181,"['广告学', '广告学(一)']"
116,00018,"['计算机', '应用', '基础', '计算机应用基础']"
117,00019,"['计算机', '应用', '基础', '实践', '计算机应用基础（实践）']"
118,00040,"['法学', '概论', '法学概论']"
119,03706,"['思想', '道德修养', '法律', '基础', '思想道德修养与法律基础']"
120,12656,"['毛泽东思想', '中国', '特色', '社会主义', '理论体系', '概论', '毛泽东思想和中国特色社会主义理论体系概论']"
121,00888,"['电子商务', '英语', '电子商务英语']"
122,00889,"['经济学', '经济学(二)']"
123,00041,"['基础', '会计学', '基础会计学']"
124,00890,"['市场营销', '市场营销(三)']"
125,00891,"['国际贸易', '实务', '国际贸易实务(三)']"
126,00892,"['商务', '交流', '商务交流(二)']"
127,00893,"['市场', '信息学', '市场信息学']"
128,00894,"['计算机', '网络', '技术', '基础', '计算机与网络技术基础']"
129,00895,"['计算机', '网络', '技术', '基础', '实践', '计算机与网络技术基础（实践）']"
130,00896,"['电子商务', '概论', '电子商务概论']"
131,00897,"['电子商务', '概论', '实践', '电子商务概论（实践）']"
132,00898,"['互联网', '软件应用', '开发', '互联网软件应用与开发']"
133,00899,"['互联网', '软件应用', '开发', '实践', '互联网软件应用与开发（实践）']"
134,00900,"['网页', '设计', '制作', '网页设计与制作']"
135,00901,"['网页', '设计', '制作', '实践', '网页设计与制作（实践）']"
136,00902,"['电子商务', '案例', '分析', '电子商务案例分析']"
137,00903,"['电子商务', '案例', '分析', '实践', '电子商务案例分析（实践）']"
138,00904,"['综合', '作业', '综合作业']"
139,05679,"['宪法学', '宪法学']"
140,03706,"['思想', '道德修养', '法律', '基础', '思想道德修养与法律基础']"
141,12656,"['毛泽东思想', '中国', '特色', '社会主义', '理论体系', '概论', '毛泽东思想和中国特色社会主义理论体系概论']"
142,00018,"['计算机', '应用', '基础', '计算机应用基础']"
143,00019,"['计算机', '应用', '基础', '实践', '计算机应用基础（实践）']"
144,05363,"['物流', '基础', '物流基础']"
145,05365,"['物流', '信息技术', '物流信息技术']"
146,05366,"['物流', '信息技术', '实践', '物流信息技术（实践）']"
147,05367,"['物流', '案例', '实践', '物流案例与实践(一)']"
148,05368,"['库存', '管理', '库存管理(一)']"
149,05369,"['采购', '供应', '管理', '采购与供应管理(一)']"
150,05370,"['运输', '管理', '运输管理(一)']"
151,05371,"['仓储', '管理', '仓储管理(一)']"
152,00012,"['英语', '英语（一）']"
153,05361,"['物流', '数学', '物流数学']"
154,05362,"['物流', '英语', '物流英语']"
155,05364,"['物流', '企业会计', '物流企业会计']"
156,05372,"['国际', '物流', '导论', '国际物流导论']"
157,00020,"['高等数学', '高等数学（一）']"
158,00041,"['基础', '会计学', '基础会计学']"
159,00089,"['国际贸易', '国际贸易']"
160,00144,"['企业', '管理', '概论', '企业管理概论']"
161,00182,"['公共关系', '公共关系学']"
162,03706,"['思想', '道德修养', '法律', '基础', '思想道德修养与法律基础']"
163,12656,"['毛泽东思想', '中国', '特色', '社会主义', '理论体系', '概论', '毛泽东思想和中国特色社会主义理论体系概论']"
164,00172,"['房地产', '经营', '管理', '房地产经营管理']"
165,07489,"['应用', '写作', '应用写作']"
166,00182,"['公共关系', '公共关系学']"
167,07482,"['物业管理', '概论', '物业管理概论']"
168,07481,"['管理学', '基础', '管理学基础']"
169,05565,"['物业管理', '法规', '物业管理法规']"
170,04363,"['物业管理', '实务', '物业管理实务(一)']"
171,04364,"['物业管理', '实务', '物业管理实务(二)']"
172,04365,"['物业管理', '财务', '基础', '物业管理财务基础']"
173,00018,"['计算机', '应用', '基础', '计算机应用基础']"
174,00019,"['计算机', '应用', '基础', '实践', '计算机应用基础（实践）']"
175,10521,"['物业管理', '综合', '技能', '考核', '物业管理综合技能考核']"
176,11429,"['物业管理', '英语', '物业管理英语']"
177,18960,"['礼仪', '礼仪学']"
178,03706,"['思想', '道德修养', '法律', '基础', '思想道德修养与法律基础']"
179,12656,"['毛泽东思想', '中国', '特色', '社会主义', '理论体系', '概论', '毛泽东思想和中国特色社会主义理论体系概论']"
180,06010,"['旅游', '英语', '旅游英语']"
181,07489,"['应用', '写作', '应用写作']"
182,00054,"['管理学', '原理', '管理学原理']"
183,00192,"['旅游', '市场学', '旅游市场学']"
184,00182,"['公共关系', '公共关系学']"
185,11506,"['旅游', '饭店', '财务管理', '旅游饭店财务管理']"
186,03529,"['国际', '旅游', '饭店', '管理', '国际旅游饭店管理']"
187,02519,"['食品', '营养', '卫生', '食品营养与卫生']"
188,11341,"['国际', '旅游', '国际旅游学']"
189,06123,"['导游', '概论', '导游学概论']"
190,00194,"['旅游', '法规', '旅游法规']"
191,11323,"['办公自动化', '办公自动化']"
192,11509,"['酒店', '管理', '实习', '酒店管理实习']"
193,03706,"['思想', '道德修养', '法律', '基础', '思想道德修养与法律基础']"
194,12656,"['毛泽东思想', '中国', '特色', '社会主义', '理论体系', '概论', '毛泽东思想和中国特色社会主义理论体系概论']"
195,04729,"['大学语文', '大学语文']"
196,00020,"['高等数学', '高等数学（一）']"
197,00009,"['政治经济学', '财经类', '政治经济学（财经类）']"
198,00146,"['中国', '税制', '中国税制']"
199,00041,"['基础', '会计学', '基础会计学']"
200,00065,"['国民经济', '统计', '概论', '国民经济统计概论']"
201,00043,"['经济法', '概论', '财经类', '经济法概论（财经类）']"
202,00155,"['中级', '财务会计', '中级财务会计']"
203,00018,"['计算机', '应用', '基础', '计算机应用基础']"
204,00019,"['计算机', '应用', '基础', '实践', '计算机应用基础（实践）']"
205,00067,"['财务', '管理学', '财务管理学']"
206,02600,"['C语言', '程序设计', 'C语言程序设计']"
207,05946,"['关系数据库', '原理', '程序设计', '关系数据库原理与程序设计']"
208,08310,"['会计', '电算化', '会计电算化']"
209,05947,"['会计', '电算化', '课程', '实验', '会计电算化课程实验（一）']"
210,00040,"['法学', '概论', '法学概论']"
211,03706,"['思想', '道德修养', '法律', '基础', '思想道德修养与法律基础']"
212,12656,"['毛泽东思想', '中国', '特色', '社会主义', '理论体系', '概论', '毛泽东思想和中国特色社会主义理论体系概论']"
213,05361,"['物流', '数学', '物流数学']"
214,05362,"['物流', '英语', '物流英语']"
215,00018,"['计算机', '应用', '基础', '计算机应用基础']"
216,00019,"['计算机', '应用', '基础', '实践', '计算机应用基础（实践）']"
217,05364,"['物流', '企业会计', '物流企业会计']"
218,05728,"['采购', '谈判', '供应商', '选择', '采购谈判与供应商选择']"
219,00147,"['人力', '资源管理', '人力资源管理（一）']"
220,05734,"['商业', '组织', '过程', '商业组织与过程']"
221,05727,"['采购', '原理', '战略', '采购原理与战略']"
222,05729,"['国际', '物流', '国际物流']"
223,05730,"['采购', '环境', '供应', '市场', '分析', '采购环境与供应市场分析']"
224,05731,"['采购', '绩效', '测量', '商业', '分析', '采购绩效测量与商业分析']"
225,05732,"['采购', '过程', '合同', '管理', '采购过程与合同管理']"
226,03706,"['思想', '道德修养', '法律', '基础', '思想道德修养与法律基础']"
227,12656,"['毛泽东思想', '中国', '特色', '社会主义', '理论体系', '概论', '毛泽东思想和中国特色社会主义理论体系概论']"
228,04540,"['写作', '基础', '应用', '写作基础与应用']"
229,03164,"['环境', '科学', '概论', '环境科学概论']"
230,07847,"['环境', '经济学', '环境经济学']"
231,00228,"['环境', '资源', '保护', '法学', '环境与资源保护法学']"
232,07481,"['管理学', '基础', '管理学基础']"
233,02471,"['环境', '生态学', '环境生态学']"
234,02472,"['环境质量', '评价', '环境质量评价']"
235,05580,"['环境保护', '环境保护']"
236,02757,"['环境监测', '环境监测(二)']"
237,02764,"['水土', '污染', '防治', '技术', '水土污染与防治技术']"
238,04516,"['环境', '问题', '案例', '分析', '环境问题案例分析']"
239,04517,"['环境', '问题', '案例', '分析', '实践', '环境问题案例分析（实践）']"
240,05974,"['综合', '实习', '综合实习']"
241,03706,"['思想', '道德修养', '法律', '基础', '思想道德修养与法律基础']"
242,12656,"['毛泽东思想', '中国', '特色', '社会主义', '理论体系', '概论', '毛泽东思想和中国特色社会主义理论体系概论']"
243,00054,"['管理学', '原理', '管理学原理']"
244,04183,"['概率论', '数理统计', '经管类', '概率论与数理统计（经管类）']"
245,00018,"['计算机', '应用', '基础', '计算机应用基础']"
246,00019,"['计算机', '应用', '基础', '实践', '计算机应用基础（实践）']"
247,00058,"['市场', '营销学', '市场营销学']"
248,00144,"['企业', '管理', '概论', '企业管理概论']"
249,00179,"['谈判', '推销', '技巧', '谈判与推销技巧']"
250,00892,"['商务', '交流', '商务交流（二）']"
251,00177,"['消费', '心理学', '消费心理学']"
252,00178,"['市场', '调查', '预测', '市场调查与预测']"
253,00185,"['商品流通', '概论', '商品流通概论']"
254,10510,"['连锁', '特许', '经营', '管理', '连锁与特许经营管理']"
259,03706,"['思想', '道德修养', '法律', '基础', '思想道德修养与法律基础']"
260,12656,"['毛泽东思想', '中国', '特色', '社会主义', '理论体系', '概论', '毛泽东思想和中国特色社会主义理论体系概论']"
261,04729,"['大学语文', '大学语文']"
262,00040,"['法学', '概论', '法学概论']"
263,00341,"['公文', '写作', '处理', '公文写作与处理']"
264,00147,"['人力', '资源管理', '人力资源管理(一)']"
265,00312,"['政治学', '概论', '政治学概论']"
266,00107,"['现代', '管理学', '现代管理学']"
267,03350,"['社会', '研究', '方法', '社会研究方法']"
268,00182,"['公共关系', '公共关系学']"
269,00163,"['管理', '心理学', '管理心理学']"
270,00277,"['行政管理学', '行政管理学']"
271,00292,"['市政', '市政学']"
272,00018,"['计算机', '应用', '基础', '计算机应用基础']"
273,00019,"['计算机', '应用', '基础', '实践', '计算机应用基础（实践）']"
274,05679,"['宪法学', '宪法学']"
275,03706,"['思想', '道德修养', '法律', '基础', '思想道德修养与法律基础']"
276,12656,"['毛泽东思想', '中国', '特色', '社会主义', '理论体系', '概论', '毛泽东思想和中国特色社会主义理论体系概论']"
277,04729,"['大学语文', '大学语文']"
278,00386,"['幼儿', '文学', '幼儿文学']"
279,00388,"['学前', '儿童', '数学', '教育', '学前儿童数学教育']"
280,00383,"['学前教育', '学前教育学']"
281,00384,"['学前', '心理学', '学前心理学']"
282,00385,"['学前', '卫生学', '学前卫生学']"
283,00390,"['学前', '儿童', '科学', '教育', '学前儿童科学教育']"
284,00387,"['幼儿园', '组织', '管理', '幼儿园组织与管理']"
285,00393,"['学前', '儿童', '语言', '教育', '学前儿童语言教育']"
286,00389,"['学前教育', '科学研究', '学前教育科学研究']"
287,00395,"['科学', '技术', '社会', '科学 ● 技术 ● 社会']"
288,00018,"['计算机', '应用', '基础', '计算机应用基础']"
289,00019,"['计算机', '应用', '基础', '实践', '计算机应用基础（实践）']"
290,00394,"['幼儿园', '课程', '幼儿园课程']"
291,00396,"['学前', '儿童', '美术教育', '学前儿童美术教育']"
293,00397,"['学前', '儿童音乐', '教育', '学前儿童音乐教育']"
294,00398,"['学前', '儿童音乐', '教育', '实践', '学前儿童音乐教育（实践）']"
295,00040,"['法学', '概论', '法学概论']"
296,03706,"['思想', '道德修养', '法律', '基础', '思想道德修养与法律基础']"
297,12656,"['毛泽东思想', '中国', '特色', '社会主义', '理论体系', '概论', '毛泽东思想和中国特色社会主义理论体系概论']"
298,00031,"['心理学', '心理学']"
299,04729,"['大学语文', '大学语文']"
300,00018,"['计算机', '应用', '基础', '计算机应用基础']"
301,00019,"['计算机', '应用', '基础', '实践', '计算机应用基础（实践）']"
302,00107,"['现代', '管理学', '现代管理学']"
303,00383,"['学前教育', '学前教育学']"
304,00448,"['学校', '管理学', '学校管理学']"
305,01281,"['中国', '教育史', '中国教育史']"
306,01282,"['外国', '教育史', '外国教育史']"
307,00389,"['学前教育', '科学研究', '学前教育科学研究']"
308,00012,"['英语', '英语(一)']"
309,00442,"['教育学', '教育学(二）']"
310,00040,"['法学', '概论', '法学概论']"
311,05679,"['宪法学', '宪法学']"
312,03706,"['思想', '道德修养', '法律', '基础', '思想道德修养与法律基础']"
313,12656,"['毛泽东思想', '中国', '特色', '社会主义', '理论体系', '概论', '毛泽东思想和中国特色社会主义理论体系概论']"
314,04729,"['大学语文', '大学语文']"
315,00031,"['心理学', '心理学']"
316,05615,"['心理健康', '教育', '概论', '心理健康教育概论']"
317,00466,"['发展', '教育', '心理学', '发展与教育心理学']"
318,05616,"['心理', '测量', '评估', '心理测量与评估']"
319,05617,"['心理', '测量', '评估', '实践', '心理测量与评估（实践）']"
320,05618,"['青少年', '心理卫生', '青少年心理卫生']"
321,05619,"['心理咨询', '辅导', '心理咨询与辅导(一)']"
322,05620,"['心理咨询', '辅导', '实践', '心理咨询与辅导(一)（实践）']"
323,03372,"['团体', '心理', '辅导', '团体心理辅导']"
324,04265,"['社会心理学', '社会心理学']"
325,03518,"['特殊', '儿童心理', '教育', '特殊儿童心理与教育']"
326,03517,"['心理健康', '教育', '课程设计', '心理健康教育课程设计']"
327,03706,"['思想', '道德修养', '法律', '基础', '思想道德修养与法律基础']"
328,12656,"['毛泽东思想', '中国', '特色', '社会主义', '理论体系', '概论', '毛泽东思想和中国特色社会主义理论体系概论']"
329,04729,"['大学语文', '大学语文']"
330,00341,"['公文', '写作', '处理', '公文写作与处理']"
331,00854,"['现代汉语', '基础', '现代汉语基础']"
332,00315,"['当代', '中国', '政治', '制度', '当代中国政治制度']"
333,00345,"['秘书学', '概论', '秘书学概论']"
334,00182,"['公共关系', '公共关系学']"
335,00040,"['法学', '概论', '法学概论']"
336,00509,"['机关', '管理', '机关管理']"
337,00163,"['管理', '心理学', '管理心理学']"
338,00346,"['办公自动化', '原理', '应用', '办公自动化原理及应用']"
339,00347,"['办公自动化', '原理', '应用', '实践', '办公自动化原理及应用（实践）']"
340,00510,"['秘书', '实务', '秘书实务']"
341,00514,"['外国', '秘书', '工作', '概况', '外国秘书工作概况']"
342,00144,"['企业', '管理', '概论', '企业管理概论']"
343,00024,"['普通', '逻辑', '普通逻辑']"
344,05679,"['宪法学', '宪法学']"
345,12656,"['毛泽东思想', '中国', '特色', '社会主义', '理论体系', '概论', '毛泽东思想和中国特色社会主义理论体系概论']"
346,11485,"['中学', '教育学', '中学教育学']"
347,11486,"['中学', '心理学', '中学心理学']"
348,11492,"['现代汉语', '现代汉语 （一）']"
349,11493,"['现代汉语', '现代汉语 （二）']"
350,00529,"['文学', '概论', '文学概论 （一）']"
351,11350,"['基础', '写作', '基础写作']"
352,11494,"['古代汉语', '古代汉语 （一）']"
353,11495,"['古代汉语', '古代汉语 （二）']"
354,00532,"['中国', '古代文学', '作品选', '中国古代文学作品选 （一）']"
355,00533,"['中国', '古代文学', '作品选', '中国古代文学作品选 （二）']"
356,11496,"['中小学', '语文', '教材', '教法', '中小学语文教材教法']"
357,00530,"['中国', '现代文学', '作品选', '中国现代文学作品选']"
358,00531,"['中国', '当代文学', '作品选', '中国当代文学作品选']"
359,07846,"['教育', '实习', '教育实习 （一）']"
360,05679,"['宪法学', '宪法学']"
361,03706,"['思想', '道德修养', '法律', '基础', '思想道德修养与法律基础']"
362,12656,"['毛泽东思想', '中国', '特色', '社会主义', '理论体系', '概论', '毛泽东思想和中国特色社会主义理论体系概论']"
363,04729,"['大学语文', '大学语文']"
364,18956,"['法律事务', '管理', '法律事务管理']"
365,07489,"['应用', '写作', '应用写作']"
366,00182,"['公共关系', '公共关系学']"
367,00054,"['管理学', '原理', '管理学原理']"
368,11520,"['秘书', '事务管理', '秘书事务管理']"
369,00776,"['档案学', '概论', '档案学概论']"
370,08020,"['商务', '秘书学', '商务秘书学']"
371,18960,"['礼仪', '礼仪学']"
372,18961,"['财务管理', '会计', '基础', '财务管理与会计基础']"
373,07786,"['国际', '商务', '国际商务']"
374,11323,"['办公自动化', '办公自动化']"
375,18963,"['商务调查', '报告', '商务调查报告']"
376,03706,"['思想', '道德修养', '法律', '基础', '思想道德修养与法律基础']"
377,12656,"['毛泽东思想', '中国', '特色', '社会主义', '理论体系', '概论', '毛泽东思想和中国特色社会主义理论体系概论']"
378,04729,"['大学语文', '大学语文']"
379,00794,"['综合', '英语', '综合英语（一）']"
380,00795,"['综合', '英语', '综合英语（二）']"
381,00522,"['英语', '国家', '概况', '英语国家概况']"
382,00831,"['英语语法', '英语语法']"
383,00595,"['英语', '阅读', '英语阅读（一）']"
384,05439,"['商务英语', '阅读', '商务英语阅读']"
385,05440,"['商务英语', '写作', '商务英语写作']"
386,01314,"['商务', '英语口语', '商务英语口语']"
387,01315,"['商务', '英语听力', '商务英语听力']"
388,00040,"['法学', '概论', '法学概论']"
389,05679,"['宪法学', '宪法学']"
390,03706,"['思想', '道德修养', '法律', '基础', '思想道德修养与法律基础']"
391,12656,"['毛泽东思想', '中国', '特色', '社会主义', '理论体系', '概论', '毛泽东思想和中国特色社会主义理论体系概论']"
392,04729,"['大学语文', '大学语文']"
393,00018,"['计算机', '应用', '基础', '计算机应用基础']"
394,00019,"['计算机', '应用', '基础', '实践', '计算机应用基础（实践）']"
395,00058,"['市场', '营销学', '市场营销学']"
396,00633,"['新闻学', '概论', '新闻学概论']"
397,00634,"['广告', '策划', '广告策划']"
398,00635,"['广告', '法规', '管理', '广告法规与管理']"
399,00636,"['广告', '心理学', '广告心理学']"
400,00637,"['广告媒体', '分析', '广告媒体分析']"
401,00850,"['广告设计', '基础', '广告设计基础']"
402,00851,"['广告', '文案', '写作', '广告文案写作']"
403,00853,"['广告学', '广告学（二）']"
404,00012,"['英语', '英语（一）']"
405,00178,"['市场', '调查', '预测', '市场调查与预测']"
406,00182,"['公共关系', '公共关系学']"
407,00638,"['企业形象', '策划', 'CIS', '企业形象与策划（CIS）']"
408,00144,"['企业', '管理', '概论', '企业管理概论']"
409,03706,"['思想', '道德修养', '法律', '基础', '思想道德修养与法律基础']"
410,12656,"['毛泽东思想', '中国', '特色', '社会主义', '理论体系', '概论', '毛泽东思想和中国特色社会主义理论体系概论']"
411,04729,"['大学语文', '大学语文']"
412,00058,"['市场', '营销学', '市场营销学']"
413,00107,"['现代', '管理学', '现代管理学']"
414,00643,"['公关', '心理学', '公关心理学']"
415,00647,"['公关', '语言', '公关语言']"
416,00646,"['公共关系', '写作', '公共关系写作']"
417,00644,"['公关礼仪', '公关礼仪']"
418,00645,"['公共关系', '策划', '公共关系策划']"
419,00182,"['公共关系', '公共关系学']"
420,00018,"['计算机', '应用', '基础', '计算机应用基础']"
421,00019,"['计算机', '应用', '基础', '实践', '计算机应用基础（实践）']"
422,00853,"['广告学', '广告学(二)']"
423,00642,"['传播学', '概论', '传播学概论']"
424,00012,"['英语', '英语（一）']"
425,00638,"['企业形象', '策划', '企业形象与策划']"
426,00034,"['社会学', '概论', '社会学概论']"
427,00031,"['心理学', '心理学']"
428,04577,"['中国通史', '中国通史']"
429,03706,"['思想', '道德修养', '法律', '基础', '思想道德修养与法律基础']"
430,12656,"['毛泽东思想', '中国', '特色', '社会主义', '理论体系', '概论', '毛泽东思想和中国特色社会主义理论体系概论']"
431,10177,"['设计', '基础', '设计基础']"
432,00504,"['艺术', '概论', '艺术概论']"
433,04317,"['素描', '素描']"
434,04315,"['色彩', '色彩']"
435,10351,"['平面', '构成', '平面构成（一）']"
436,10409,"['色彩', '构成', '色彩构成（一）']"
437,10410,"['招贴', '设计', '招贴设计']"
438,10411,"['POP', '广告设计', 'POP广告设计']"
439,10412,"['计算机辅助', '设计', 'Photoshop', '计算机辅助设计(Photoshop)']"
440,01422,"['标志', '设计', '标志设计（一）']"
441,01423,"['版式', '设计', '版式设计（一）']"
442,03815,"['制图', '基础', '制图基础']"
443,10413,"['标识', '设计', '标识设计']"
444,10414,"['计算机辅助', '设计', 'Autocad', '计算机辅助设计（Autocad）']"
445,10415,"['装饰', '材料', '装饰材料']"
446,10416,"['照明设计', '基础', '照明设计基础']"
447,10417,"['艺术设计', '毕业', '实习', '艺术设计毕业实习']"
448,03706,"['思想', '道德修养', '法律', '基础', '思想道德修养与法律基础']"
449,12656,"['毛泽东思想', '中国', '特色', '社会主义', '理论体系', '概论', '毛泽东思想和中国特色社会主义理论体系概论']"
450,02126,"['应用文', '写作', '应用文写作']"
451,03902,"['服装', '发展', '简史', '服装发展简史']"
452,00677,"['服装', '材料', '服装材料']"
453,03903,"['服装', '技法', '服装画技法']"
454,00683,"['服装市场', '营销', '服装市场与营销']"
455,03904,"['服装', '生产', '管理', '服装生产管理']"
456,03905,"['服装', '企业', '督导', '管理', '服装企业督导管理']"
457,05409,"['成衣', '制作', '工艺', '成衣制作工艺']"
458,05401,"['服装', '纸样', '原理', '服装纸样原理']"
459,05334,"['服装设计', '服装设计']"
460,03906,"['服装', '品质', '管理', '服装品质管理']"
461,05427,"['设计', '实习', '设计实习']"
462,03706,"['思想', '道德修养', '法律', '基础', '思想道德修养与法律基础']"
463,12656,"['毛泽东思想', '中国', '特色', '社会主义', '理论体系', '概论', '毛泽东思想和中国特色社会主义理论体系概论']"
464,08878,"['动漫', '产业', '概论', '动漫产业概论']"
465,08879,"['动漫', '美术', '基础', '人物', '线描', '动漫美术基础(一)（人物线描）']"
466,08880,"['动漫', '美术', '基础', '平面', '色彩', '动漫美术基础(二)（平面与色彩）']"
467,08881,"['动画', '编导', '基础', '动画编导基础']"
468,01155,"['角色', '设定', '场景', '设定', '角色设定和场景设定']"
469,01581,"['Flash', '动画设计', 'Flash动画设计']"
470,08882,"['数码', '矢量', '图形', '设计', '数码矢量图形设计']"
471,01156,"['Photoshop', 'Photoshop']"
472,01157,"['Painter', 'Painter']"
473,01160,"['动画', '运动', '规律', '动画运动规律']"
474,01162,"['3DS', 'MAX', '软件', '3DS MAX 软件']"
475,01163,"['MAYA', '软件', 'MAYA 软件']"
476,01164,"['Softimage', 'XSI', '软件', 'Softimage XSI 软件']"
477,01165,"['After', 'effect', 'After effect']"
478,01166,"['Combustion', 'Combustion']"
479,07930,"['动画', '制作', '动画制作']"
480,12656,"['毛泽东思想', '中国', '特色', '社会主义', '理论体系', '概论', '毛泽东思想和中国特色社会主义理论体系概论']"
481,10725,"['生产', '作业管理', '生产作业管理']"
482,04108,"['电工', '电子', '技术', '基础', '电工电子技术基础']"
483,04109,"['电工', '电子', '技术', '基础', '实践', '电工电子技术基础（实践）']"
484,10722,"['计算机', '绘图', 'CAD', '计算机绘图（CAD）']"
485,07743,"['机械设计', '基础', '机械设计基础']"
486,08631,"['求职', '择业', '创业', '指导', '求职择业与创业指导']"
487,10718,"['机械制造', '工艺', '基础', '机械制造工艺基础']"
488,02358,"['单片机', '原理', '应用', '单片机原理与应用']"
489,10726,"['数控机床', '编程', '数控机床与编程（一）']"
490,05875,"['汽车', '发动机', '构造', '维修', '汽车发动机构造与维修']"
491,10723,"['流体', '传动', '控制', '流体传动与控制']"
492,03706,"['思想', '道德修养', '法律', '基础', '思想道德修养与法律基础']"
493,12656,"['毛泽东思想', '中国', '特色', '社会主义', '理论体系', '概论', '毛泽东思想和中国特色社会主义理论体系概论']"
494,00018,"['计算机', '应用', '基础', '计算机应用基础']"
495,00019,"['计算机', '应用', '基础', '实践', '计算机应用基础（实践）']"
496,10428,"['机械制图', 'CAD', '机械制图与CAD']"
497,07743,"['机械设计', '基础', '机械设计基础']"
498,01620,"['模具', '材料', '热处理', '模具材料与热处理']"
499,01621,"['模具', '材料', '热处理', '实践', '模具材料与热处理（实践）']"
500,05664,"['CAD', 'CAM', '软件应用', 'CAD/CAM软件应用']"
501,01628,"['模具', '数控', '加工', '模具数控加工']"
502,01629,"['模具', '数控', '加工', '实践', '模具数控加工（实践）']"
503,05511,"['现代', '模具', '制造', '技术', '现代模具制造技术']"
504,05512,"['现代', '模具', '制造', '技术', '实践', '现代模具制造技术（实践）']"
505,10429,"['模具', '产品设计', '实习', '模具产品设计实习']"
506,01622,"['冷冲压', '工艺', '模具设计', '冷冲压工艺与模具设计']"
507,01623,"['冷冲压', '工艺', '模具设计', '实践', '冷冲压工艺与模具设计（实践）']"
508,02220,"['塑料', '成型', '工艺', '模具设计', '塑料成型工艺与模具设计']"
509,02221,"['塑料', '成型', '工艺', '模具设计', '实践', '塑料成型工艺与模具设计（实践）']"
510,01632,"['压铸模', '及其', '模具', '压铸模及其他模具']"
511,01633,"['压铸模', '及其', '模具', '实践', '压铸模及其他模具（实践）']"
512,01634,"['塑料', '成型', '机械', '塑料成型机械']"
513,01635,"['塑料', '成型', '机械', '实践', '塑料成型机械（实践）']"
514,01636,"['塑料', '成型', '工艺', '塑料成型工艺']"
515,01637,"['塑料', '成型', '工艺', '实践', '塑料成型工艺（实践）']"
516,01639,"['企业', '管理', '技术', '经济', '企业管理与技术经济']"
517,03706,"['思想', '道德修养', '法律', '基础', '思想道德修养与法律基础']"
518,12656,"['毛泽东思想', '中国', '特色', '社会主义', '理论体系', '概论', '毛泽东思想和中国特色社会主义理论体系概论']"
519,04540,"['写作', '基础', '应用', '写作基础与应用']"
520,04108,"['电工', '电子', '技术', '基础', '电工电子技术基础']"
521,11478,"['农村', '电力系统', '农村电力系统']"
522,11479,"['电器设备', '使用', '维护', '电器设备使用与维护']"
523,11333,"['电器设备', '使用', '维护', '实习', '电器设备使用与维护实习']"
524,09439,"['计算机', '实用', '基础', '计算机实用基础']"
525,07743,"['机械设计', '基础', '机械设计基础(一）']"
526,02189,"['机械制造', '基础', '机械制造基础']"
527,08780,"['金工', '实习', '金工实习']"
528,11480,"['汽车', '拖拉机', '构造', '原理', '应用', '汽车拖拉机构造原理与应用']"
529,11334,"['汽车', '拖拉机', '构造', '实习', '汽车拖拉机构造实习']"
530,08214,"['农业机械', '农业机械']"
531,11481,"['农业', '机电工程', '综合', '实习', '农业机电工程综合实习']"
532,12656,"['毛泽东思想', '中国', '特色', '社会主义', '理论体系', '概论', '毛泽东思想和中国特色社会主义理论体系概论']"
533,10725,"['生产', '作业管理', '生产作业管理']"
534,04107,"['机械制图', '机械制图（三）']"
535,10737,"['电子', '技术', '基础', '电子技术基础']"
536,10764,"['电工', '原理', '电工原理（一）']"
537,08631,"['求职', '择业', '创业', '指导', '求职择业与创业指导']"
538,08182,"['自动控制', '原理', '自动控制原理（一）']"
539,10736,"['电气', '测量', '技术', '电气测量技术']"
540,07840,"['微型', '计算机技术', '应用', '微型计算机技术及应用']"
541,10738,"['工厂', '电气设备', '控制', '工厂电气设备控制']"
542,03706,"['思想', '道德修养', '法律', '基础', '思想道德修养与法律基础']"
543,12656,"['毛泽东思想', '中国', '特色', '社会主义', '理论体系', '概论', '毛泽东思想和中国特色社会主义理论体系概论']"
544,04729,"['大学语文', '大学语文']"
545,00012,"['英语', '英语(一)']"
546,00022,"['高等数学', '工专', '高等数学(工专)']"
547,02198,"['线性代数', '线性代数']"
548,04730,"['电子', '技术', '基础', '电子技术基础(三)']"
549,02316,"['计算机', '应用', '技术', '计算机应用技术']"
550,00342,"['高级', '语言', '程序设计', '高级语言程序设计（一）']"
551,02142,"['数据结构', '导论', '数据结构导论']"
552,02318,"['计算机', '组成', '原理', '计算机组成原理']"
553,04732,"['微型', '计算机', '接口技术', '微型计算机及接口技术']"
554,02323,"['操作系统', '概论', '操作系统概论']"
555,02120,"['数据库', '及其', '应用', '数据库及其应用']"
556,02141,"['计算机网络', '技术', '计算机网络技术']"
557,11325,"['计算机', '应用', '课程', '实验', '计算机及应用课程实验（一）']"
558,00040,"['法学', '概论', '法学概论']"
559,03706,"['思想', '道德修养', '法律', '基础', '思想道德修养与法律基础']"
560,12656,"['毛泽东思想', '中国', '特色', '社会主义', '理论体系', '概论', '毛泽东思想和中国特色社会主义理论体系概论']"
561,00012,"['英语', '英语(一)']"
562,00022,"['高等数学', '工专', '高等数学(工专)']"
563,02198,"['线性代数', '线性代数']"
564,02348,"['电子', '测量', '电子测量']"
565,08679,"['电路', '分析', '基础', '电路分析基础']"
566,02585,"['模拟', '电子', '技术', '基础', '模拟电子技术基础']"
567,02344,"['数字电路', '数字电路']"
568,02345,"['数字电路', '实践', '数字电路（实践）']"
569,02342,"['非线性', '电子电路', '非线性电子电路']"
570,02277,"['微型', '计算机', '原理', '应用', '微型计算机原理及应用']"
571,02275,"['计算机', '基础', '程序设计', '计算机基础与程序设计']"
572,05575,"['电视', '原理', '电视原理']"
573,05576,"['电视', '原理', '实践', '电视原理（实践）']"
574,11358,"['电子', '技术', '课程设计', '电子技术课程设计']"
575,11361,"['电子', '技术', '课程', '实验', '电子技术课程实验']"
576,00040,"['法学', '概论', '法学概论']"
577,03706,"['思想', '道德修养', '法律', '基础', '思想道德修养与法律基础']"
578,12656,"['毛泽东思想', '中国', '特色', '社会主义', '理论体系', '概论', '毛泽东思想和中国特色社会主义理论体系概论']"
579,00018,"['计算机', '应用', '基础', '计算机应用基础']"
580,00019,"['计算机', '应用', '基础', '实践', '计算机应用基础（实践）']"
581,04107,"['机械制图', '机械制图（三）']"
582,01665,"['计算机', '绘图', '计算机绘图']"
583,02189,"['机械制造', '基础', '机械制造基础']"
584,02190,"['机械制造', '基础', '实践', '机械制造基础（实践）']"
585,04109,"['电工', '电子', '技术', '基础', '实践', '电工电子技术基础（实践）']"
586,03634,"['数控技术', '数控技术']"
587,02609,"['互换性', '原理', '测量', '技术', '基础', '互换性原理与测量技术基础']"
588,04115,"['数控机床', '数控机床']"
589,01667,"['数控', '加工', '工艺', '设备', '数控加工工艺及设备']"
590,04119,"['数控', '加工', '编程', '操作', '实践', '数控加工编程与操作（实践）']"
591,10430,"['数控机床', 'PLC', '控制', '调试', '数控机床PLC控制与调试']"
592,03395,"['数控机床', '故障诊断', '维护', '数控机床故障诊断与维护']"
593,04117,"['CAD', 'CAM', 'CAD/CAM']"
594,03706,"['思想', '道德修养', '法律', '基础', '思想道德修养与法律基础']"
595,12656,"['毛泽东思想', '中国', '特色', '社会主义', '理论体系', '概论', '毛泽东思想和中国特色社会主义理论体系概论']"
596,00012,"['英语', '英语（一）']"
597,00022,"['高等数学', '工专', '高等数学（工专）']"
598,00181,"['广告学', '广告学（一）']"
599,00098,"['国际', '市场', '营销学', '国际市场营销学']"
600,00177,"['消费', '心理学', '消费心理学']"
601,00178,"['市场', '调查', '预测', '市场调查与预测']"
602,00089,"['国际贸易', '国际贸易']"
603,00018,"['计算机', '应用', '基础', '计算机应用基础']"
604,00019,"['计算机', '应用', '基础', '实践', '计算机应用基础（实践）']"
605,00896,"['电子商务', '概论', '电子商务概论']"
606,00897,"['电子商务', '概论', '实践', '电子商务概论（实践）']"
607,00894,"['计算机', '网络', '技术', '基础', '计算机与网络技术基础']"
608,00895,"['计算机', '网络', '技术', '基础', '实践', '计算机与网络技术基础（实践）']"
609,02318,"['计算机', '组成', '原理', '计算机组成原理']"
610,09016,"['移动', '通信', '原理', '应用', '移动通信原理与应用']"
611,03333,"['电子政务', '概论', '电子政务概论']"
612,03334,"['电子政务', '概论', '实践', '电子政务概论（实践）']"
613,03706,"['思想', '道德修养', '法律', '基础', '思想道德修养与法律基础']"
614,12656,"['毛泽东思想', '中国', '特色', '社会主义', '理论体系', '概论', '毛泽东思想和中国特色社会主义理论体系概论']"
615,00012,"['英语', '英语（一）']"
616,00022,"['高等数学', '工专', '高等数学（工专）']"
617,02316,"['计算机', '应用', '技术', '计算机应用技术']"
618,02317,"['计算机', '应用', '技术', '实践', '计算机应用技术（实践）']"
619,02323,"['操作系统', '概论', '操作系统概论']"
620,02236,"['可编程', '控制器', '原理', '应用', '可编程控制器原理与应用']"
621,02141,"['计算机网络', '技术', '计算机网络技术']"
622,02318,"['计算机', '组成', '原理', '计算机组成原理']"
623,06143,"['电路', '基础', '电路基础']"
624,06144,"['电路', '基础', '实践', '电路基础（实践）']"
625,12730,"['嵌入式', 'LINUX', '应用', '编程', '嵌入式LINUX应用编程']"
626,12731,"['嵌入式', 'LINUX', '应用', '编程', '实践', '嵌入式LINUX应用编程（实践）']"
627,12732,"['ARM', '结构', '程序开发', '入门', 'ARM结构与程序开发入门']"
628,12733,"['ARM', '结构', '程序开发', '入门', '实践', 'ARM结构与程序开发入门（实践）']"
629,00342,"['高级', '语言', '程序设计', '高级语言程序设计（一）']"
630,00343,"['高级', '语言', '程序设计', '实践', '高级语言程序设计（一）（实践）']"
631,02120,"['数据库', '及其', '应用', '数据库及其应用']"
632,02121,"['数据库', '及其', '应用', '实践', '数据库及其应用（实践）']"
633,02234,"['电子', '技术', '基础', '电子技术基础（一）']"
634,02235,"['电子', '技术', '基础', '实践', '电子技术基础（一）（实践）']"
636,03706,"['思想', '道德修养', '法律', '基础', '思想道德修养与法律基础']"
638,12656,"['毛泽东思想', '中国', '特色', '社会主义', '理论体系', '概论', '毛泽东思想和中国特色社会主义理论体系概论']"
639,04729,"['大学语文', '大学语文']"
640,00022,"['高等数学', '工专', '高等数学(工专)']"
641,02391,"['工程力学', '工程力学(二)']"
642,02386,"['土木工程', '制图', '土木工程制图']"
643,02393,"['结构力学', '结构力学(一)']"
644,02387,"['工程', '测量', '工程测量']"
645,02394,"['房屋', '建筑学', '房屋建筑学']"
646,02395,"['房屋', '建筑学', '实践', '房屋建筑学（实践）']"
647,02389,"['建筑材料', '建筑材料']"
648,02396,"['混凝土', '砌体', '结构', '混凝土及砌体结构']"
649,02398,"['土力学', '地基基础', '土力学与地基基础']"
650,02400,"['建筑施工', '建筑施工(一)']"
651,00018,"['计算机', '应用', '基础', '计算机应用基础']"
652,00019,"['计算机', '应用', '基础', '实践', '计算机应用基础（实践）']"
653,11357,"['工民建', '课程设计', '工民建课程设计']"
654,11356,"['工民建', '课程', '实验', '工民建课程实验']"
655,11355,"['工民建', '生产', '实习', '工民建生产实习']"
656,00040,"['法学', '概论', '法学概论']"
657,03706,"['思想', '道德修养', '法律', '基础', '思想道德修养与法律基础\u3000']"
658,12656,"['毛泽东思想', '中国', '特色', '社会主义', '理论体系', '概论', '毛泽东思想和中国特色社会主义理论体系概论']"
659,04729,"['大学语文', '大学语文']"
660,00018,"['计算机', '应用', '基础', '计算机应用基础\u3000']"
661,00019,"['计算机', '应用', '基础', '实践', '计算机应用基础（实践）']"
662,05735,"['医学', '基础', '总论', '医学基础总论']"
663,05736,"['医学', '基础', '总论', '实践', '医学基础总论（实践）']"
664,05737,"['基础', '化学', '基础化学\u3000']"
665,05738,"['基础', '化学', '实践', '基础化学（实践）']"
666,05739,"['生物化学', '生物化学（四）']"
667,05740,"['生物化学', '实践', '生物化学（四）实践']"
668,05741,"['微生物', '食品', '微生物', '微生物与食品微生物\u3000']"
669,05742,"['微生物', '食品', '微生物', '实践', '微生物与食品微生物（实践）']"
670,05743,"['基础', '营养学', '基础营养学\u3000']"
671,05744,"['食品', '加工', '保藏', '食品加工与保藏（专）']"
672,05745,"['人体', '营养', '人体营养\u3000']"
673,05746,"['食品', '卫生学', '食品卫生学\u3000']"
674,05747,"['临床医学', '总论', '临床医学总论\u3000']"
675,05748,"['疾病', '营养', '防治', '疾病的营养防治']"
676,05749,"['中医', '营养学', '基础', '中医营养学基础\u3000']"
677,05750,"['食品卫生', '法规', '监督', '食品卫生法规与监督']"
678,05751,"['烹饪', '膳食', '管理', '基础', '烹饪与膳食管理基础']"
679,05752,"['烹饪', '膳食', '管理', '基础', '实践', '烹饪与膳食管理基础（实践）']"
680,00988,"['食品', '营养学', '食品营养学\u3000']"
681,03706,"['思想', '道德修养', '法律', '基础', '思想道德修养与法律基础']"
682,12656,"['毛泽东思想', '中国', '特色', '社会主义', '理论体系', '概论', '毛泽东思想和中国特色社会主义理论体系概论']"
683,04729,"['大学语文', '大学语文']"
684,00012,"['英语', '英语(一)']"
685,00022,"['高等数学', '工专', '高等数学(工专)']"
686,00041,"['基础', '会计学', '基础会计学']"
687,00144,"['企业', '管理', '概论', '企业管理概论']"
688,02316,"['计算机', '应用', '技术', '计算机应用技术']"
689,02384,"['计算机', '原理', '计算机原理']"
690,00342,"['高级', '语言', '程序设计', '高级语言程序设计(一)']"
691,04754,"['电子商务', '电子政务', '电子商务与电子政务']"
692,02120,"['数据库', '及其', '应用', '数据库及其应用']"
693,02141,"['计算机网络', '技术', '计算机网络技术']"
694,02382,"['管理信息系统', '管理信息系统']"
695,02651,"['计算机信息', '处理', '综合', '作业', '计算机信息处理综合作业']"
696,11354,"['计算机信息', '管理', '课程', '实验', '计算机信息管理课程实验(一)']"
697,00040,"['法学', '概论', '法学概论']"
698,03706,"['思想', '道德修养', '法律', '基础', '思想道德修养与法律基础']"
699,12656,"['毛泽东思想', '中国', '特色', '社会主义', '理论体系', '概论', '毛泽东思想和中国特色社会主义理论体系概论']"
700,00277,"['行政管理学', '行政管理学']"
701,00341,"['公文', '写作', '处理', '公文写作与处理']"
702,03331,"['公共事业', '管理', '公共事业管理']"
703,00261,"['行政法学', '行政法学']"
704,03349,"['政府', '经济', '管理', '概论', '政府经济管理概论']"
705,00346,"['办公自动化', '原理', '应用', '办公自动化原理及应用']"
706,00347,"['办公自动化', '原理', '应用', '实践', '办公自动化原理及应用（实践）']"
707,03332,"['政府', '信息资源管理', '政府信息资源管理']"
708,03333,"['电子政务', '概论', '电子政务概论']"
709,03334,"['电子政务', '概论', '实践', '电子政务概论（实践）']"
710,02382,"['管理信息系统', '管理信息系统']"
711,02383,"['管理信息系统', '实践', '管理信息系统（实践）']"
712,02316,"['计算机', '应用', '技术', '计算机应用技术']"
713,02317,"['计算机', '应用', '技术', '实践', '计算机应用技术（实践）']"
714,00012,"['英语', '英语（一）']"
715,02120,"['数据库', '及其', '应用', '数据库及其应用']"
716,02121,"['数据库', '及其', '应用', '实践', '数据库及其应用（实践）']"
717,00509,"['机关', '管理', '机关管理']"
718,00108,"['工商', '行政管理学', '概论', '工商行政管理学概论']"
719,00034,"['社会学', '概论', '社会学概论']"
720,00312,"['政治学', '概论', '政治学概论']"
721,03706,"['思想', '道德修养', '法律', '基础', '思想道德修养与法律基础']"
722,12656,"['毛泽东思想', '中国', '特色', '社会主义', '理论体系', '概论', '毛泽东思想和中国特色社会主义理论体系概论']"
723,04729,"['大学语文', '大学语文']"
724,05868,"['职业道德', '礼仪', '职业道德与礼仪']"
725,05869,"['汽车', '应用', '英语', '汽车应用英语']"
726,00018,"['计算机', '应用', '基础', '计算机应用基础']"
727,00019,"['计算机', '应用', '基础', '实践', '计算机应用基础（实践）']"
728,05870,"['汽车', '售后服务', '管理', '汽车售后服务管理']"
729,05871,"['汽车', '营销', '技术', '汽车营销技术']"
730,05872,"['汽车', '营销', '案例', '分析', '汽车营销案例分析']"
731,05873,"['汽车保险', '理赔', '汽车保险与理赔']"
732,05874,"['汽车保险', '理赔', '实践', '汽车保险与理赔（实践）']"
733,05875,"['汽车', '发动机', '构造', '维修', '汽车发动机构造与维修']"
734,05876,"['汽车', '发动机', '构造', '维修', '实践', '汽车发动机构造与维修（实践）']"
735,05877,"['汽车底盘', '构造', '维修', '汽车底盘构造与维修']"
736,05878,"['汽车底盘', '构造', '维修', '实践', '汽车底盘构造与维修（实践）']"
737,05879,"['汽车', '电气设备', '维修', '汽车电气设备与维修']"
738,05880,"['汽车', '电气设备', '维修', '实践', '汽车电气设备与维修（实践）']"
739,05881,"['汽车', '诊断', '维修', '汽车诊断与维修']"
740,05882,"['汽车', '诊断', '维修', '实践', '汽车诊断与维修（实践）']"
741,03706,"['思想', '道德修养', '法律', '基础', '思想道德修养与法律基础']"
742,12656,"['毛泽东思想', '中国', '特色', '社会主义', '理论体系', '概论', '毛泽东思想和中国特色社会主义理论体系概论']"
743,04540,"['写作', '基础', '应用', '写作基础与应用']"
744,07492,"['农村', '政策法规', '农村政策法规']"
745,03971,"['经济学', '基础', '经济学基础']"
746,07481,"['管理学', '基础', '管理学基础']"
747,07787,"['会计学', '原理', '会计学原理']"
748,07389,"['财务报表', '分析', '财务报表分析']"
749,08114,"['财务', '管理学', '财务管理学(一)']"
750,11383,"['乡镇企业', '生产', '管理', '乡镇企业生产管理']"
751,00333,"['乡镇', '资源', '开发', '环境保护', '乡镇资源开发与环境保护']"
752,00332,"['乡镇经济', '管理', '乡镇经济管理']"
753,11382,"['乡镇企业', '经营', '管理', '乡镇企业经营管理']"
754,11332,"['乡镇企业', '管理', '案例', '分析', '乡镇企业管理案例分析']"
755,11384,"['乡镇企业', '管理', '社会', '调查报告', '乡镇企业管理社会调查报告']"
756,03706,"['思想', '道德修养', '法律', '基础', '思想道德修养与法律基础']"
757,12656,"['毛泽东思想', '中国', '特色', '社会主义', '理论体系', '概论', '毛泽东思想和中国特色社会主义理论体系概论']"
758,04540,"['写作', '基础', '应用', '写作基础与应用']"
759,07492,"['农村', '政策法规', '农村政策法规']"
760,11335,"['农村', '经济', '调查报告', '农村经济调查报告']"
761,07481,"['管理学', '基础', '管理学基础']"
762,07787,"['会计学', '原理', '会计学原理']"
763,02827,"['农村', '企事业', '会计', '农村企事业会计']"
764,08114,"['财务', '管理学', '财务管理学（一）']"
765,07389,"['财务报表', '分析', '财务报表分析']"
766,00944,"['审计', '审计']"
767,11336,"['审计', '案例', '分析', '审计案例分析']"
768,04534,"['财政', '农村金融', '财政与农村金融']"
769,03172,"['农业', '经济学', '农业经济学(二)']"
770,11482,"['农业', '财会', '审计', '综合', '实习', '农业财会与审计综合实习']"
771,03706,"['思想', '道德修养', '法律', '基础', '思想道德修养与法律基础']"
772,12656,"['毛泽东思想', '中国', '特色', '社会主义', '理论体系', '概论', '毛泽东思想和中国特色社会主义理论体系概论']"
773,04729,"['大学语文', '大学语文']"
774,02864,"['微生物学', '免疫学', '基础', '微生物学与免疫学基础']"
775,02901,"['病理学', '病理学']"
776,03179,"['生物化学', '生物化学(三)']"
777,02903,"['药理学', '药理学(一)']"
778,02997,"['护理学', '基础', '护理学基础']"
779,02998,"['内科', '护理学', '内科护理学(一)']"
780,03001,"['外科', '护理学', '外科护理学(一)']"
781,03002,"['妇产科', '护理学', '妇产科护理学(一)']"
782,02113,"['医学', '心理学', '医学心理学']"
783,00488,"['健康', '教育学', '健康教育学']"
784,02996,"['护理', '伦理学', '护理伦理学']"
785,03000,"['营养学', '营养学']"
786,02899,"['生理学', '生理学']"
787,11369,"['护理学', '临床实践', '护理学临床实践']"
788,00040,"['法学', '概论', '法学概论']"
789,03709,"['马克思主义', '基本原理', '概论', '马克思主义基本原理概论']"
790,00054,"['管理学', '原理', '管理学原理']"
791,04183,"['概率论', '数理统计', '经管类', '概率论与数理统计（经管类）']"
792,04184,"['线性代数', '经管类', '线性代数（经管类）']"
793,00067,"['财务', '管理学', '财务管理学']"
794,00149,"['国际贸易', '理论', '实务', '国际贸易理论与实务']"
795,00070,"['政府', '事业单位', '会计', '政府与事业单位会计']"
796,00058,"['市场', '营销学', '市场营销学']"
797,00051,"['管理系统', '计算机', '应用', '管理系统中计算机应用']"
798,00052,"['管理系统', '计算机', '应用', '实践', '管理系统中计算机应用（实践）']"
799,00068,"['外国', '财政', '外国财政']"
800,00069,"['国际', '税收', '国际税收']"
801,11381,"['财政', '税务', '实习', '财政与税务实习']"
802,06999,"['毕业论文', '毕业论文']"
803,00015,"['英语', '英语(二)']"
804,11389,"['财税', '财税史']"
805,03403,"['国有资产', '管理', '国有资产管理']"
806,00062,"['税收管理', '税收管理']"
807,00999,"['政府', '预算', '管理', '政府预算管理']"
808,00060,"['财政学', '财政学']"
809,00009,"['政治经济学', '财经类', '政治经济学(财经类)']"
810,00041,"['基础', '会计学', '基础会计学']"
811,00246,"['国际', '经济法', '概论', '国际经济法概论']"
812,03709,"['马克思主义', '基本原理', '概论', '马克思主义基本原理概论']"
813,04183,"['概率论', '数理统计', '经管类', '概率论与数理统计（经管类）']"
814,04184,"['线性代数', '经管类', '线性代数（经管类）']"
815,00051,"['管理系统', '计算机', '应用', '管理系统中计算机应用']"
816,00052,"['管理系统', '计算机', '应用', '实践', '管理系统中计算机应用（实践）']"
817,00078,"['银行', '会计学', '银行会计学']"
818,00079,"['保险学', '原理', '保险学原理']"
819,00107,"['现代', '管理学', '现代管理学']"
820,00150,"['金融', '理论', '实务', '金融理论与实务']"
821,00054,"['管理学', '原理', '管理学原理']"
822,00058,"['市场', '营销学', '市场营销学']"
823,00076,"['国际金融', '国际金融']"
824,00067,"['财务', '管理学', '财务管理学']"
825,06999,"['毕业论文', '毕业论文']"
826,00015,"['英语', '英语(二)']"
827,00040,"['法学', '概论', '法学概论']"
828,00896,"['电子商务', '概论', '电子商务概论']"
829,05678,"['金融法', '金融法']"
830,00066,"['货币', '银行学', '货币银行学']"
831,00060,"['财政学', '财政学']"
832,00073,"['银行信贷', '管理学', '银行信贷管理学']"
833,00009,"['政治经济学', '财经类', '政治经济学(财经类)']"
834,00041,"['基础', '会计学', '基础会计学']"
835,00246,"['国际', '经济法', '概论', '国际经济法概论']"
836,03709,"['马克思主义', '基本原理', '概论', '马克思主义基本原理概论']"
837,05844,"['国际', '商务英语', '国际商务英语']"
838,04183,"['概率论', '数理统计', '经管类', '概率论与数理统计（经管类）']"
839,04184,"['线性代数', '经管类', '线性代数（经管类）']"
840,00097,"['外贸英语', '写作', '外贸英语写作']"
841,00096,"['外刊', '经贸', '知识', '选读', '外刊经贸知识选读']"
842,00896,"['电子商务', '概论', '电子商务概论']"
843,00055,"['企业', '会计学', '企业会计学']"
844,07788,"['国际', '结算', '国际结算']"
845,00100,"['国际', '运输', '保险', '国际运输与保险']"
846,00051,"['管理系统', '计算机', '应用', '管理系统中计算机应用']"
847,00052,"['管理系统', '计算机', '应用', '实践', '管理系统中计算机应用（实践）']"
848,00098,"['国际', '市场', '营销学', '国际市场营销学']"
849,11465,"['现代', '公司', '管理', '现代公司管理']"
850,00102,"['世界市场', '行情', '世界市场行情']"
851,06999,"['毕业论文', '毕业论文']"
852,00009,"['政治经济学', '财经类', '政治经济学(财经类)']"
853,00089,"['国际贸易', '国际贸易']"
854,00090,"['国际贸易', '实务', '国际贸易实务(一)']"
855,00076,"['国际金融', '国际金融']"
856,00091,"['国际', '商法', '国际商法']"
857,00024,"['普通', '逻辑', '普通逻辑']"
867,04183,"['概率论', '数理统计', '经管类', '概率论与数理统计（经管类）']"
868,04184,"['线性代数', '经管类', '线性代数（经管类）']"
869,00015,"['英语', '英语(二)']"
870,00154,"['企业', '管理', '咨询', '企业管理咨询']"
871,00149,"['国际贸易', '理论', '实务', '国际贸易理论与实务']"
872,00067,"['财务', '管理学', '财务管理学']"
873,00151,"['企业', '经营', '战略', '企业经营战略']"
874,00150,"['金融', '理论', '实务', '金融理论与实务']"
875,00152,"['组织', '行为学', '组织行为学']"
876,00054,"['管理学', '原理', '管理学原理']"
877,00051,"['管理系统', '计算机', '应用', '管理系统中计算机应用']"
878,00052,"['管理系统', '计算机', '应用', '实践', '管理系统中计算机应用（实践）']"
879,11390,"['工商企业', '管理', '实习', '工商企业管理实习']"
880,06999,"['毕业论文', '毕业论文']"
881,00055,"['企业', '会计学', '企业会计学']"
882,00145,"['生产', '作业管理', '生产与作业管理']"
883,00144,"['企业', '管理', '概论', '企业管理概论']"
884,00009,"['政治经济学', '财经类', '政治经济学(财经类)']"
885,00058,"['市场', '营销学', '市场营销学']"
886,00246,"['国际', '经济法', '概论', '国际经济法概论']"
887,03709,"['马克思主义', '基本原理', '概论', '马克思主义基本原理概论']"
888,00043,"['经济法', '概论', '财经类', '经济法概论（财经类）']"
889,00051,"['管理系统', '计算机', '应用', '管理系统中计算机应用']"
890,00052,"['管理系统', '计算机', '应用', '实践', '管理系统中计算机应用（实践）']"
891,00102,"['世界市场', '行情', '世界市场行情']"
892,00184,"['市场', '营销策划', '市场营销策划']"
893,00186,"['国际', '商务谈判', '国际商务谈判']"
894,03291,"['人际关系', '人际关系学']"
895,10511,"['销售', '团队', '管理', '销售团队管理']"
896,00067,"['财务', '管理学', '财务管理学']"
897,00151,"['企业', '经营', '战略', '企业经营战略']"
898,00149,"['国际贸易', '理论', '实务', '国际贸易理论与实务']"
899,10512,"['销售', '管理', '毕业论文', '销售管理毕业论文']"
900,00015,"['英语', '英语（二）']"
901,00183,"['消费', '经济学', '消费经济学']"
902,00055,"['企业', '会计学', '企业会计学']"
903,00181,"['广告学', '广告学（一）']"
904,03708,"['中国', '近现代史', '纲要', '中国近现代史纲要']"
905,03708,"['中国', '近现代史', '纲要', '中国近现代史纲要']"
906,03709,"['马克思主义', '基本原理', '概论', '马克思主义基本原理概论']"
907,00034,"['社会学', '概论', '社会学概论']"
908,00315,"['当代', '中国', '政治', '制度', '当代中国政治制度']"
909,00316,"['西方', '政治', '制度', '西方政治制度']"
910,01848,"['公务员', '制度', '公务员制度']"
911,00318,"['公共政策', '公共政策']"
912,00319,"['行政', '组织', '理论', '行政组织理论']"
913,00320,"['领导', '科学', '领导科学']"
914,00261,"['行政法学', '行政法学']"
915,06999,"['毕业论文', '毕业论文']"
916,00015,"['英语', '英语（二）']"
917,00024,"['普通', '逻辑', '普通逻辑']"
918,00067,"['财务', '管理学', '财务管理学']"
919,00144,"['企业', '管理', '概论', '企业管理概论']"
920,00322,"['中国', '行政', '中国行政史']"
921,00107,"['现代', '管理学', '现代管理学']"
922,00323,"['西方', '行政', '学说', '西方行政学说史']"
923,00277,"['行政管理学', '行政管理学']"
924,00312,"['政治学', '概论', '政治学概论']"
925,00321,"['中国', '文化', '概论', '中国文化概论']"
926,00040,"['法学', '概论', '法学概论']"
927,00341,"['公文', '写作', '处理', '公文写作与处理']"
928,00509,"['机关', '管理', '机关管理']"
929,00152,"['组织', '行为学', '组织行为学']"
948,03709,"['马克思主义', '基本原理', '概论', '马克思主义基本原理概论']"
949,00015,"['英语', '英语（二）']"
950,00034,"['社会学', '概论', '社会学概论']"
951,00037,"['美学', '美学']"
952,00107,"['现代', '管理学', '现代管理学']"
953,00639,"['广播电视', '广告', '广播电视广告']"
954,00640,"['平面广告', '设计', '平面广告设计']"
956,00642,"['传播学', '概论', '传播学概论']"
958,00040,"['法学', '概论', '法学概论']"
959,00244,"['经济法', '概论', '经济法概论']"
960,00321,"['中国', '文化', '概论', '中国文化概论']"
961,00530,"['中国', '现代文学', '作品选', '中国现代文学作品选']"
962,00662,"['新闻事业', '管理', '新闻事业管理']"
963,00634,"['广告', '策划', '广告策划']"
964,00635,"['广告', '法规', '管理', '广告法规与管理']"
965,00850,"['广告设计', '基础', '广告设计基础']"
966,00853,"['广告学', '广告学（二）']"
967,00054,"['管理学', '原理', '管理学原理']"
968,00538,"['中国', '古代', '文学史', '中国古代文学史（一）']"
969,00539,"['中国', '古代', '文学史', '中国古代文学史（二）']"
970,11344,"['中国', '近代', '文学史', '中国近代文学史']"
971,00537,"['中国', '现代', '文学史', '中国现代文学史']"
972,11501,"['中国', '当代', '文学史', '中国当代文学史']"
973,11346,"['近代', '汉语', '近代汉语']"
974,00821,"['现代汉语', '语法', '研究', '现代汉语语法研究']"
975,00037,"['美学', '美学']"
976,04579,"['中学语文', '教学法', '中学语文教学法']"
977,00540,"['外国', '文学史', '外国文学史']"
978,06999,"['毕业论文', '毕业论文']"
979,00015,"['英语', '英语（二）']"
980,00814,"['中国', '古代', '文论', '选读', '中国古代文论选读']"
981,11345,"['文体', '写作', '文体写作']"
982,11347,"['唐诗宋词', '研究', '唐诗宋词研究']"
983,11494,"['古代汉语', '古代汉语（一）']"
984,11495,"['古代汉语', '古代汉语（二）']"
985,00532,"['中国', '古代文学', '作品选', '中国古代文学作品选（一）']"
986,00533,"['中国', '古代文学', '作品选', '中国古代文学作品选（二）']"
987,00530,"['中国', '现代文学', '作品选', '中国现代文学作品选']"
988,03709,"['马克思主义', '基本原理', '概论', '马克思主义基本原理概论']"
989,00694,"['设计', '素描', '设计素描']"
990,00695,"['设计', '色彩', '设计色彩']"
991,09233,"['计算机辅助', '设计', 'AUTOCAD', '3DMA', '计算机辅助设计（AUTOCAD、3DMA']"
992,05712,"['艺术设计', '基础', '艺术设计基础']"
993,09235,"['设计', '原理', '设计原理']"
994,08717,"['平面广告', '设计', '制作', '平面广告设计与制作']"
995,09236,"['编排', '设计', '编排设计']"
996,00713,"['字体', '设计', '字体设计']"
997,05546,"['系列', '书籍装帧', '设计', '系列书籍装帧设计']"
998,04693,"['网页', '设计', '网页设计']"
999,10418,"['VI', '设计', 'VI设计']"
1000,07122,"['立体', '构成', '立体构成']"
1001,09237,"['材料', '工艺学', '材料工艺学']"
1002,08513,"['设计', '表现', '技法', '设计表现技法']"
1003,00711,"['展示', '设计', '展示设计']"
1004,09238,"['室内设计', '室内设计']"
1005,09239,"['室外', '环境', '景观设计', '室外环境景观设计']"
1006,09240,"['艺术设计', '毕业设计', '艺术设计毕业设计']"
1007,00015,"['英语', '英语（二）']"
1008,04026,"['设计', '美学', '设计美学']"
1009,10419,"['设计', '调查', '设计调查']"
1010,10420,"['装饰', '表现', '装饰表现']"
1011,04317,"['素描', '素描']"
1012,04315,"['色彩', '色彩']"
1013,10177,"['设计', '基础', '设计基础']"
1014,03709,"['马克思主义', '基本原理', '概论', '马克思主义基本原理概论']"
1015,04183,"['概率论', '数理统计', '经管类', '概率论与数理统计（经管类）']"
1016,04184,"['线性代数', '经管类', '线性代数（经管类）']"
1017,00015,"['英语', '英语（二）']"
1018,00051,"['管理系统', '计算机', '应用', '管理系统中计算机应用']"
1019,00052,"['管理系统', '计算机', '应用', '实践', '管理系统中计算机应用（实践）']"
1020,04762,"['金融学', '概论', '金融学概论']"
1021,05175,"['税收', '筹划', '税收筹划']"
1022,07250,"['投资', '原理', '投资学原理']"
1023,08591,"['金融', '营销', '金融营销']"
1024,08592,"['房地产', '投资', '房地产投资']"
1025,12326,"['金融', '理财', '分析', '技术', '技巧', '金融理财分析技术与技巧']"
1026,12327,"['金融', '理财', '规划', '金融理财规划']"
1027,06999,"['毕业论文', '毕业论文']"
1028,03709,"['马克思主义', '基本原理', '概论', '马克思主义基本原理概论']"
1029,06270,"['技术', '经济学', '技术经济学']"
1030,00107,"['现代', '管理学', '现代管理学']"
1031,00043,"['经济法', '概论', '财经类', '经济法概论（财经类）']"
1032,04531,"['微观', '经济学', '微观经济学']"
1033,00974,"['统计学', '原理', '统计学原理']"
1034,06069,"['审计学', '原理', '审计学原理']"
1035,00061,"['国家税收', '国家税收']"
1036,04532,"['财务会计', '专题', '财务会计专题']"
